x,name,bio
http://vocab.getty.edu/ulan/500002523,"Wilson, Anne","British painter and performance artist, born 1955"
http://vocab.getty.edu/ulan/500002645,Gronk,"American muralist and painter, born 1954"
http://vocab.getty.edu/ulan/500002941,"Rauschenberg, Robert","American painter, sculptor, and photographer, 1925-2008"
http://vocab.getty.edu/ulan/500003101,"Sherman, Stuart","American performance artist and playwright, 1945-2001"
http://vocab.getty.edu/ulan/500004035,"Longo, Robert","American painter, sculptor, and performance artist, born 1953"
http://vocab.getty.edu/ulan/500004580,"Vostell, Wolf","German painter, sculptor, and video artist, 1932-1998"
http://vocab.getty.edu/ulan/500004653,"Gamboa, Harry, Jr.","American multimedia and performance artist, born 1951"
http://vocab.getty.edu/ulan/500004654,"Jenkins, Ulysses","American painter, performance and video artist, born 1946"
http://vocab.getty.edu/ulan/500005222,"Klein, Yves","French painter, sculptor, and performance artist, 1928-1962"
http://vocab.getty.edu/ulan/500006906,"Johnson, Ray","American painter, draftsman, and performance artist, 1927-1995"
http://vocab.getty.edu/ulan/500008450,"Grooms, Red","American painter, sculptor, and performance artist, born 1937"
http://vocab.getty.edu/ulan/500010153,"Atherton, Kevin","British video, performance, and installation artist, born 1950"
http://vocab.getty.edu/ulan/500011050,"Oppenheim, Dennis","American conceptual and performance artist, 1938-2011"
http://vocab.getty.edu/ulan/500011058,"Bidlo, Mike","American painter and sculptor, born 1953"
http://vocab.getty.edu/ulan/500011384,"Latham, John","British painter, sculptor, and conceptual artist, 1921-2006"
http://vocab.getty.edu/ulan/500011704,"Vautier, Ben","French painter and performance artist, born 1935"
http://vocab.getty.edu/ulan/500014537,"Chaimowicz, Marc Camille","French performance and installation artist, born 1947"
http://vocab.getty.edu/ulan/500014538,"Acconci, Vito","American performance and video artist, born 1940"
http://vocab.getty.edu/ulan/500016826,"Herrón, Willie","American muralist and performance artist, born 1951"
http://vocab.getty.edu/ulan/500021825,"Wilke, Hannah","American painter, sculptor, and performance artist, 1940-1993"
http://vocab.getty.edu/ulan/500021994,"Medalla, David","Filipino painter and installation artist, born 1942, active in Great Britain"
http://vocab.getty.edu/ulan/500022521,"Goldstein, Jack","American painter, filmmaker, and performance artist, 1945-2003"
http://vocab.getty.edu/ulan/500024444,"Burton, Scott","American sculptor and installation artist, 1939-1989 "
http://vocab.getty.edu/ulan/500024467,"Piper, Adrian","American conceptual artist, born 1948"
http://vocab.getty.edu/ulan/500024607,"Beuys, Joseph","German sculptor, performance artist, and printmaker, 1921-1986"
http://vocab.getty.edu/ulan/500024985,"Evans, Dennis","American sculptor and performance artist, born 1946"
http://vocab.getty.edu/ulan/500026685,"Valdez, Patssi","American painter and performance artist, born 1951"
http://vocab.getty.edu/ulan/500027344,"Filliou, Robert","French performance artist, conceptual artist, and writer, 1926-1987"
http://vocab.getty.edu/ulan/500028463,"Dine, Jim","American painter, sculptor, and printmaker, born 1935"
http://vocab.getty.edu/ulan/500029001,"Diller, Elizabeth","American performance artist and architect, born 1954"
http://vocab.getty.edu/ulan/500029735,"Oldenburg, Claes","American sculptor, draftsman, and printmaker, born 1929 in Sweden"
http://vocab.getty.edu/ulan/500029932,"Journiac, Michel","French performance artist, sculptor, and painter, 1943-1995"
http://vocab.getty.edu/ulan/500029990,"Brush, Leif","American sound sculptor, born 1932"
http://vocab.getty.edu/ulan/500030759,"McLean, Bruce","Scottish painter, performance artist, born 1944"
http://vocab.getty.edu/ulan/500031037,"Kaprow, Allan","American performance artist, 1927-2006"
http://vocab.getty.edu/ulan/500031201,"Spoerri, Daniel","Swiss sculptor, performance artist, and writer, born 1930 in Romania"
http://vocab.getty.edu/ulan/500031799,"Pistoletto, Michelangelo","Italian painter and sculptor, born 1933"
http://vocab.getty.edu/ulan/500033131,"Hatoum, Mona","Palestinian sculptor, video artist, and performance artist, born 1952, active in London"
http://vocab.getty.edu/ulan/500033132,"Lachowicz, Rachel","American sculptor and performance artist, born 1964"
http://vocab.getty.edu/ulan/500033253,"Darling, Lowell","American performance artist, born 1942"
http://vocab.getty.edu/ulan/500034251,"Sukkarieh, Rabbia A.","American artist and performance artist, born 1953"
http://vocab.getty.edu/ulan/500034297,"Edelstein, Jean","American installation and performance artist, contemporary"
http://vocab.getty.edu/ulan/500034408,"Lemieux, Michel","Canadian performance artist, born 1959"
http://vocab.getty.edu/ulan/500034760,"Calzolari, Pier Paolo","Italian conceptual artist, born 1943"
http://vocab.getty.edu/ulan/500034946,"Weaver, Lois","American actor, author, and performance aritst, active 20th century"
http://vocab.getty.edu/ulan/500034947,"Shaw, Peggy","American actor, author, and performance artist, active 20th century"
http://vocab.getty.edu/ulan/500035248,"Avalos, David","American performance and advertising artist, contemporary"
http://vocab.getty.edu/ulan/500036626,"Christmann, Gunter","Australian painter, video artist, and performance artist, born 1936"
http://vocab.getty.edu/ulan/500041334,"Ahrendt, Mary","American painter, sculptor, and photographer, born 1940"
http://vocab.getty.edu/ulan/500041705,"Tanaka, Min","Japanese performance artist, born 1945"
http://vocab.getty.edu/ulan/500042565,"Smith, Barbara Turner","American performance artist, born 1931"
http://vocab.getty.edu/ulan/500043254,"Wong, Martin","American painter, ceramicist, and performance artist, 1946-1999"
http://vocab.getty.edu/ulan/500043264,"Sullivan, Kaylynn","Native American performance artist, born 1945"
http://vocab.getty.edu/ulan/500043595,"Boyd, Jane","British painter and performance artist, born 1953"
http://vocab.getty.edu/ulan/500044484,"Filippi, Fernando de","Italian painter and video artist, born 1940"
http://vocab.getty.edu/ulan/500044494,"Matthews, Michael","American theater writer and performance artist, 1958-1995"
http://vocab.getty.edu/ulan/500044597,Salomé,"German painter, sculptor, and performance artist, born 1954"
http://vocab.getty.edu/ulan/500045721,"Brecht, George","American painter, sculptor, and conceptual artist, 1926-2008"
http://vocab.getty.edu/ulan/500045764,"Fischer, Lili","German painter and performance artist, born 1947"
http://vocab.getty.edu/ulan/500046673,"Damon, Betsy","American painter, sculptor, and performance artist, born 1940"
http://vocab.getty.edu/ulan/500047400,"Kounellis, Jannis","Greek sculptor, performance artist, and painter, born 1936"
http://vocab.getty.edu/ulan/500048708,"Lozano, Lee","American painter and performance artist, 1930-1999"
http://vocab.getty.edu/ulan/500049134,"Pazos, Luis","Argentine performance artist and former professor, born 1940"
http://vocab.getty.edu/ulan/500050198,"Minujín, Marta","Argentine performance artist and sculptor, born 1943"
http://vocab.getty.edu/ulan/500052055,"Mendieta, Ana","Cuban-American sculptor and performance artist, 1948-1985"
http://vocab.getty.edu/ulan/500053923,"Armleder, John","Swiss draftsman, performance artist, and painter, born 1948"
http://vocab.getty.edu/ulan/500053939,"Boyle, Mark","Scottish sculptor, performance artist, and painter, born 1934"
http://vocab.getty.edu/ulan/500054596,"Kantor, Istvan","Canadian performance artist, born 1949"
http://vocab.getty.edu/ulan/500054598,Krypton,"Italian performance artists, active 20th century"
http://vocab.getty.edu/ulan/500055847,Gilbert and George,"English sculptors, working together from 1967"
http://vocab.getty.edu/ulan/500055849,"Proesch, Gilbert","British sculptor, born 1943"
http://vocab.getty.edu/ulan/500055951,"Colo, Papo","American painter, sculptor, and conceptual artist, born 1946"
http://vocab.getty.edu/ulan/500056183,"Montano, Linda","American performance artist, born 1942"
http://vocab.getty.edu/ulan/500056236,"P-Orridge, Genesis Breyer","British performance artist and musician, born 1950"
http://vocab.getty.edu/ulan/500056718,"Ligorano, Nora","American bookmaker and video artist, contemporary "
http://vocab.getty.edu/ulan/500056719,"Reese, Marshall",Contemporary American video artist and installation artist
http://vocab.getty.edu/ulan/500056760,"Charlesworth, Bruce","American installation and performance artist, born 1950"
http://vocab.getty.edu/ulan/500057191,"Muehl, Otto","Austrian performance artist, painter and writer, born 1925"
http://vocab.getty.edu/ulan/500057224,"Stiles, Kristine","American author, professor, and artist, active late 20th century"
http://vocab.getty.edu/ulan/500057851,"Finn-Kelcey, Rose","English installation and performance artist, 1945-2014"
http://vocab.getty.edu/ulan/500058309,"Jonas, Joan","American performance artist and filmmaker, born 1936"
http://vocab.getty.edu/ulan/500058454,"Bogosian, Eric","American performance artist, born 1953"
http://vocab.getty.edu/ulan/500059231,"Fisherman, Hercules","British painter, sculptor, and performance artist, active 20th century"
http://vocab.getty.edu/ulan/500059481,"Galás, Diamánda","American vocalist and performer, born 1955"
http://vocab.getty.edu/ulan/500059608,"Leister, David","American filmmaker and performance artist, contemporary, active in London"
http://vocab.getty.edu/ulan/500059876,"Gilardi, Piero","Italian sculptor, painter, and installation artist, born 1942"
http://vocab.getty.edu/ulan/500060374,"Tourbin, Dennis","Canadian painter, performance artist, and video artist, born 1946"
http://vocab.getty.edu/ulan/500060761,Colette,"American sculptor and painter, born 1947 in Tunisia"
http://vocab.getty.edu/ulan/500061062,"Export, Valie","Austrian video artist and performance artist, born 1940"
http://vocab.getty.edu/ulan/500061155,"Francis, Linda","American painter and performance artist, born 1943"
http://vocab.getty.edu/ulan/500061162,"Murphy, Serge","Canadian sculptor, photographer, and performance artist, born 1953"
http://vocab.getty.edu/ulan/500061289,Rammellzee,"American graffiti artist, 1960-2010"
http://vocab.getty.edu/ulan/500061710,"Antin, Eleanor","American performance artist, conceptual artist, and photographer, born 1935"
http://vocab.getty.edu/ulan/500062843,"Inoue, Yoko","American performance artist, contemporary"
http://vocab.getty.edu/ulan/500063217,"Alithinos, Dimitris","Greek performance artist, born 1945"
http://vocab.getty.edu/ulan/500063457,"Gunderson, Bruce","American performance artist, born 1948"
http://vocab.getty.edu/ulan/500063613,"Apple, Jacki","American performance and media artist, born 1948"
http://vocab.getty.edu/ulan/500063852,"Fox, Terry","American video artist, installation artist, and sculptor, born 1943-2008"
http://vocab.getty.edu/ulan/500064308,"Hoover, Nan","American photographer, performance artist, and filmmaker, 1931-2008"
http://vocab.getty.edu/ulan/500064388,"Buchan, David","Canadian photographer and performance artist, born 1950"
http://vocab.getty.edu/ulan/500065725,"Shanahan, Sean","British painter, sculptor, and performance artist, active 20th century"
http://vocab.getty.edu/ulan/500066105,"Ross, Monica","English performance artist, 1950-2013"
http://vocab.getty.edu/ulan/500066711,"Foreman, Richard","American performance artist, born 1937"
http://vocab.getty.edu/ulan/500066992,"Caroompas, Carole","American painter and performance artist, born 1946"
http://vocab.getty.edu/ulan/500067630,"Erdély, Miklós","Hungarian architect, sculptor, and conceptual artist, 1928-1986"
http://vocab.getty.edu/ulan/500068086,"Sterbak, Jana","Canadian conceptual artist, born 1955"
http://vocab.getty.edu/ulan/500068274,"Marioni, Tom","American conceptual artist, born 1937"
http://vocab.getty.edu/ulan/500069592,"Sapien, Darryl","American performance artist, born 1950"
http://vocab.getty.edu/ulan/500069909,"Knowles, Alison","American mixed-media and performance artist, born 1933"
http://vocab.getty.edu/ulan/500070275,"Moses, Cherie","American photographer and performance artist, born 1949, active in Canada"
http://vocab.getty.edu/ulan/500070473,"Sharp, Willoughby","American artist and author, 1936-2008"
http://vocab.getty.edu/ulan/500070794,"Anderson, Laurie","American performance artist, sculptor, and writer, born 1947"
http://vocab.getty.edu/ulan/500070996,"Gray, Spalding","American performance artist and author, 1941-2004"
http://vocab.getty.edu/ulan/500071261,"Kazanjian, Milano","American painter and performance artist, born 1943"
http://vocab.getty.edu/ulan/500071913,"Zweig, Ellen","American filmmaker and performance artist, born 1947"
http://vocab.getty.edu/ulan/500072192,"Drummond, Andrew","New Zealand sculptor and performance artist, born 1951"
http://vocab.getty.edu/ulan/500072489,"Jahoda, Susan Eve","American installation artist, photographer, and performance artist, contemporary"
http://vocab.getty.edu/ulan/500072571,"McCafferty, Michael","American performance artist, active ca. 1976"
http://vocab.getty.edu/ulan/500072600,Marshalore,"British performance artist, born 1946, active in Canada"
http://vocab.getty.edu/ulan/500072704,"Jalapeeno, Jimmy","American painter and performance artist, born 1947"
http://vocab.getty.edu/ulan/500073057,"Hershman Leeson, Lynn","American sculptor, multimedia, and digital artist, born 1941"
http://vocab.getty.edu/ulan/500073486,"Cha, Theresa Hak Kyung","Korean performance artist and writer, 1951-1982, active in the United States"
http://vocab.getty.edu/ulan/500073515,"Hill, James R.","American performance artist, born 1945"
http://vocab.getty.edu/ulan/500073908,"Prina, Stephen","American painter, sculptor, and conceptual artist, born 1954"
http://vocab.getty.edu/ulan/500074221,"Varble, Stephen","American performance artist, born 1946"
http://vocab.getty.edu/ulan/500074329,"Allen, Jo Harvey","American performance artist, born 1942"
http://vocab.getty.edu/ulan/500074614,"Oleszko, Pat","American performance artist, born 1947"
http://vocab.getty.edu/ulan/500075011,"Schwarzkogler, Rudolf","Austrian performance artist, 1940-1969"
http://vocab.getty.edu/ulan/500075104,"Pape, Lygia","Brazilian artist, 1929-2004"
http://vocab.getty.edu/ulan/500075547,"Maciunas, George","American writer, performance artist, and composer, 1931-1978"
http://vocab.getty.edu/ulan/500076290,"Baumann, Jim","American conceptual artist, active mid-1970s"
http://vocab.getty.edu/ulan/500076417,"Moorman, Charlotte","American musician and performance artist, active 20th century"
http://vocab.getty.edu/ulan/500076691,"Hooker, Charlie","British performance artist, born 1953"
http://vocab.getty.edu/ulan/500077528,"Buchanan, Nancy","American video and performance artist, born 1946"
http://vocab.getty.edu/ulan/500078170,"Regenbogen, Halyna Mordowanec","Canadian sculptor and performance artist, born 1945"
http://vocab.getty.edu/ulan/500078562,"Daulton, Robert","American performance artist, active late 20th century"
http://vocab.getty.edu/ulan/500079625,"Falk, Gathie","Canadian performance artist, born 1928"
http://vocab.getty.edu/ulan/500080121,"Aguilar, José Roberto","Brazilian painter and printmaker, born 1941"
http://vocab.getty.edu/ulan/500081145,"Cointet, Guy de","French conceptual artist, 1934-1983, active in the US"
http://vocab.getty.edu/ulan/500081186,"Young, La Monte","American composer, musician, and performance artist, born 1935"
http://vocab.getty.edu/ulan/500081953,"Wojnarowicz, David","American painter, photographer, and collagist, 1954-1992"
http://vocab.getty.edu/ulan/500083057,"Richards, Timothy","American performance artist and sculptor, contemporary"
http://vocab.getty.edu/ulan/500083622,"Rosenthal, Rachel","American performance artist and sculptor, 1926-2015"
http://vocab.getty.edu/ulan/500084363,"Woodall, John","American performance artist, born 1940"
http://vocab.getty.edu/ulan/500084742,Hudson,"American gallerist, painter, and performance artist, 1950-2014"
http://vocab.getty.edu/ulan/500084949,"Dean, Laura","American performance artist, born 1945"
http://vocab.getty.edu/ulan/500085053,"Wendkos, Gina","American performance artist, contemporary"
http://vocab.getty.edu/ulan/500085128,"Labowitz, Leslie","American performance artist, born 1946"
http://vocab.getty.edu/ulan/500085600,"Williams, Emmett","American poet and performance artist, 1925-2007"
http://vocab.getty.edu/ulan/500085671,"Klauke, Jürgen","German photographer and performance artist, born 1943"
http://vocab.getty.edu/ulan/500085999,"Mönnig, Peter J.","German performance and installation artist, born 1955"
http://vocab.getty.edu/ulan/500086002,"Ludlam, Charles","American actor and playwright, 1943-1987"
http://vocab.getty.edu/ulan/500086231,"Ess, Barbara","American photographer, musician, and performance artist, born 1948"
http://vocab.getty.edu/ulan/500086421,"Sherk, Bonnie","American performance artist, contemporary"
http://vocab.getty.edu/ulan/500086756,"Metzger, Gustav","German painter and performance artist, born 1926, active in Great Britain"
http://vocab.getty.edu/ulan/500086907,"Rolfe, Nigel","British performance artist, born 1950"
http://vocab.getty.edu/ulan/500087890,"Clark, Robert A.","American performance artist, born 1947"
http://vocab.getty.edu/ulan/500088211,"Dunlap, Richard","American performance and conceptual artist, born 1939"
http://vocab.getty.edu/ulan/500088696,"De Dominicis, Gino","Italian painter and performance artist, 1947-1988"
http://vocab.getty.edu/ulan/500088858,"Zorio, Gilberto","Italian conceptual artist, performance artist, and sculptor, born 1944"
http://vocab.getty.edu/ulan/500089003,"Beckley, Connie","American composer and installation artist, born 1951"
http://vocab.getty.edu/ulan/500089137,"Blum, June","American painter and performance artist, contemporary"
http://vocab.getty.edu/ulan/500089646,"Dove, Toni","American performance artist, contemporary"
http://vocab.getty.edu/ulan/500089748,"Byars, James Lee","American conceptual artist, scupltor, and draftsman, 1932-1997"
http://vocab.getty.edu/ulan/500090587,"Gerz, Jochen","German performance artist, born 1940"
http://vocab.getty.edu/ulan/500092112,"Schneemann, Carolee","American photographer, performance artist, and video artist, born 1939"
http://vocab.getty.edu/ulan/500092361,"Bruce, Jill","British artist, writer, and performance artist, contemporary"
http://vocab.getty.edu/ulan/500092362,"Dunn, Douglas","American dancer and choreographer, born 1942"
http://vocab.getty.edu/ulan/500092437,"Chong, Ping","American video, performance, and installation artist, born 1946"
http://vocab.getty.edu/ulan/500093197,"Maler, Leopoldo","Argentine painter and installation artist, born 1937"
http://vocab.getty.edu/ulan/500093476,"Eastley, Max","English sculptor and mixed media artist, born 1944"
http://vocab.getty.edu/ulan/500093507,"Palestine, Charlemagne","American multimedia and performance artist, born 1945"
http://vocab.getty.edu/ulan/500093793,Flatz,"German performance artist, born 1952"
http://vocab.getty.edu/ulan/500095524,"Klinkowstein, Tom","American performance artist, active late 20th century"
http://vocab.getty.edu/ulan/500095794,"Dean, Max","Canadian performance and installation artist, born 1949"
http://vocab.getty.edu/ulan/500096304,"Sjoo, Monica","Swedish painter, performance artist, and writer, born 1938, active in Britain"
http://vocab.getty.edu/ulan/500096318,"Signer, Roman","Swiss sculptor and video artist, born 1938"
http://vocab.getty.edu/ulan/500096794,"Ginzburg, Carlos","Argentine painter and photographer, born 1946"
http://vocab.getty.edu/ulan/500096871,"Szentjóby, Tamás","Hungarian performance artist and theorist, born 1944"
http://vocab.getty.edu/ulan/500096953,"MacLennan, Alastair","British installation and performance artist, born 1943"
http://vocab.getty.edu/ulan/500096989,"Orr, Jill","Australian painter and performance artist, born 1952"
http://vocab.getty.edu/ulan/500097623,"Rosler, Martha","American video artist, performance artist, and critic, born 1943"
http://vocab.getty.edu/ulan/500097929,"Winters, Robin","American sculptor, printmaker, and performance artist, born 1950"
http://vocab.getty.edu/ulan/500097958,"Nitsch, Hermann","Austrian performance artist, painter, and composer, born 1938"
http://vocab.getty.edu/ulan/500098220,"Perreault, John","American critic and artist, 1937-2015"
http://vocab.getty.edu/ulan/500098254,"Brus, Günter","Austrian performance artist, draftsman, and painter, born 1938"
http://vocab.getty.edu/ulan/500098690,"Dudley, George","American performance and conceptual artist, active late 20th century"
http://vocab.getty.edu/ulan/500098918,"Crisp, Quentin","American performance artist, actor, and artist's model, 1908-1999"
http://vocab.getty.edu/ulan/500099390,"Way, Jeff","American painter and performance artist, born 1942"
http://vocab.getty.edu/ulan/500099897,"Knox, Sonia","English performance artist, contemporary"
http://vocab.getty.edu/ulan/500100363,"Ridder, Willem de","Dutch painter and performance artist, born 1942"
http://vocab.getty.edu/ulan/500100781,"Toebosch, Moniek","Dutch performance and installation artist, born 1948"
http://vocab.getty.edu/ulan/500100922,"Alpert, Richard","American sculptor and performance artist, born 1947"
http://vocab.getty.edu/ulan/500101060,"Marton, Pier","American video, performance, and installation artist, active late 20th century"
http://vocab.getty.edu/ulan/500101539,"Lacy, Suzanne","American performance artist, born 1945"
http://vocab.getty.edu/ulan/500103769,"Allen, Terry","American conceptual artist and musician, born 1943"
http://vocab.getty.edu/ulan/500104142,"Olito, Michael","Canadian performance artist, born 1942"
http://vocab.getty.edu/ulan/500104480,"Krasiński, Edward","Polish painter and performance artist, born 1925"
http://vocab.getty.edu/ulan/500104766,"Kubota, Shigeko","Japanese video artist, 1937-2015, active in New York City"
http://vocab.getty.edu/ulan/500105718,"Pane, Gina","French performance and installation artist, 1939-1990"
http://vocab.getty.edu/ulan/500105779,"Davila, Juan","Australian painter and performance artist, born 1946"
http://vocab.getty.edu/ulan/500106615,"Lennon, John","English musician, songwriter, and illustrator, 1940-1980"
http://vocab.getty.edu/ulan/500107433,"Parr, Mike","Australian conceptual and performance artist, born 1945"
http://vocab.getty.edu/ulan/500107470,"Altman, Edith","American sculptor and graphic artist, born 1931"
http://vocab.getty.edu/ulan/500107658,"Page, Robin","English painter and performance artist, 1932-2015"
http://vocab.getty.edu/ulan/500107897,"Zouboulis, Nikos","Greek performance artist, born 1953"
http://vocab.getty.edu/ulan/500108045,"Lavier, Bertrand Bégnine","French sculptor, performance artist, and painter, born 1949"
http://vocab.getty.edu/ulan/500109028,"Cintoli, Claudio","Italian artist, 1935-1978"
http://vocab.getty.edu/ulan/500109240,"Cameron, Shirley","British performance artist and sculptor, born 1944"
http://vocab.getty.edu/ulan/500109799,"Lacey, Bruce","British performance artist, born 1927"
http://vocab.getty.edu/ulan/500109865,"Saint James, Marty","English painter and performance artist, born 1954"
http://vocab.getty.edu/ulan/500110594,"Whitman, Robert","American performance artist, born 1935"
http://vocab.getty.edu/ulan/500110977,"Heinisch, Barbara","German painter and performance artist, born 1944"
http://vocab.getty.edu/ulan/500111175,"Mortensen, Kevin","Australian sculptor, performance artist, and photographer, born 1940"
http://vocab.getty.edu/ulan/500111185,"Oiticica, Hélio","Brazilian sculptor, painter, and performance artist, 1937-1980"
http://vocab.getty.edu/ulan/500111229,"Ehrenberg, Felipe","Mexican installation artist, publisher, and writer, born 1943"
http://vocab.getty.edu/ulan/500111874,"Gáyor, Tibor","Hungarian painter and performance artist, born 1929"
http://vocab.getty.edu/ulan/500112013,"Bereś, Jerzy","Polish sculptor and performance artist, born 1930"
http://vocab.getty.edu/ulan/500112466,"Justesen, Kirsten","Danish sculptor and performance artist, born 1943"
http://vocab.getty.edu/ulan/500112668,"Cotton, Paul","American conceptual artist and performance artist, born 1939"
http://vocab.getty.edu/ulan/500114573,"Beecroft, Vanessa","Italian performance artist, born 1969, active in the United States"
http://vocab.getty.edu/ulan/500114639,"Hancock, Trenton Doyle","American painter, collagist, and performance artist, born 1974"
http://vocab.getty.edu/ulan/500114664,"Reeder, Jennifer","American artist, born 1971"
http://vocab.getty.edu/ulan/500114673,"Sullivan, Chris","American performance artist and animator, born 1960"
http://vocab.getty.edu/ulan/500114717,"Hammons, David","American installation and performance artist, born 1943"
http://vocab.getty.edu/ulan/500114720,"Kersels, Martin","American installation artist and sculptor, born 1960"
http://vocab.getty.edu/ulan/500114721,"Lawrence, Annette","American installation artist, born 1965"
http://vocab.getty.edu/ulan/500114728,"Martorell, Antonio","Puerto Rican printmaker, painter, and draftsman, born 1939"
http://vocab.getty.edu/ulan/500114751,"Vicuña, Cecilia","Chilean sculptor and installation artist, born 1948"
http://vocab.getty.edu/ulan/500114761,"Barney, Matthew","American sculptor and filmmaker, born 1967"
http://vocab.getty.edu/ulan/500114905,"Antoni, Janine","American sculptor and installation artist, born 1964"
http://vocab.getty.edu/ulan/500114915,"Sone, Yutaka","Japanese conceptual artist and sculptor, born 1965"
http://vocab.getty.edu/ulan/500114916,"Tiravanija, Rirkrit","Thai installation artist and conceptual artist, born 1961"
http://vocab.getty.edu/ulan/500115596,"Graham, Dan","American conceptual artist, video artist, and writer, born 1942"
http://vocab.getty.edu/ulan/500115649,"Adams, Dennis","American installation and environmental artist, born 1948"
http://vocab.getty.edu/ulan/500115653,"McCarthy, Paul","American performance artist, sculptor, and video artist, born 1945"
http://vocab.getty.edu/ulan/500115954,"Oursler, Tony","American sculptor, video artist, and installation artist, born 1957"
http://vocab.getty.edu/ulan/500115967,"Abramovic, Marina","Serbian performance, installation artist, born 1946"
http://vocab.getty.edu/ulan/500115968,Ulay,"German performance artist, born 1943"
http://vocab.getty.edu/ulan/500115974,"Gordon, Douglas","Scottish video artist and performance artist, born 1966"
http://vocab.getty.edu/ulan/500115978,"Mori, Mariko","Japanese conceptual artist, born 1967"
http://vocab.getty.edu/ulan/500116007,"Cruzvillegas, Abraham","Mexican installation artist, born 1967, active in Paris"
http://vocab.getty.edu/ulan/500116055,"Westphalen, Olav","German sculptor, draftsman, and installation artist, born 1963, active in the United States"
http://vocab.getty.edu/ulan/500116118,"Althoff, Kai","German painter and installation artist, born 1966"
http://vocab.getty.edu/ulan/500116152,"Land, Peter","Danish video artist, born 1966"
http://vocab.getty.edu/ulan/500116178,"Zobernig, Heimo","Austrian sculptor and video artist, born 1958"
http://vocab.getty.edu/ulan/500116195,"Geers, Kendell","South African installation artist, born 1968"
http://vocab.getty.edu/ulan/500116257,Ant Farm,"American artists and architects, founded 1968"
http://vocab.getty.edu/ulan/500116308,"Alÿs, Francis","Belgian painter and photographer, born 1959"
http://vocab.getty.edu/ulan/500116335,"Yu, Xiao","Chinese performance and installation artist, born 1965"
http://vocab.getty.edu/ulan/500116344,"Bruguera, Tania","Cuban graphic artist and performance artist, born 1968"
http://vocab.getty.edu/ulan/500116362,"Ostojić, Tanja","Serbian performance artist, born 1972"
http://vocab.getty.edu/ulan/500116364,"Galindo, Regina","Guatemalan performance and video artist, born 1974"
http://vocab.getty.edu/ulan/500116365,"Rose, Tracey","South African performance artist and installation artist, born 1974"
http://vocab.getty.edu/ulan/500116369,"Zhen, Xu","Chinese video and performance artist, born 1977"
http://vocab.getty.edu/ulan/500116386,"Acres, Ethan","American artist and minister, born 1970"
http://vocab.getty.edu/ulan/500116653,"Muzquiz, Milena","Mexican performance artist and singer, born 1974, active in Los Angeles"
http://vocab.getty.edu/ulan/500117565,"Sosa, Antonieta","Venezuelan conceptual and performance artist, born 1940"
http://vocab.getty.edu/ulan/500117611,"Barboza, Diego","Venezuelan painter and performance artist, born 1945"
http://vocab.getty.edu/ulan/500117943,"Greco, Alberto","Argentine painter, sculptor, and performance artist, 1915-1965"
http://vocab.getty.edu/ulan/500118001,"Clark, Lygia","Brazilian painter, sculptor, and performance artist, 1920-1988"
http://vocab.getty.edu/ulan/500118086,Sapeck,"French illustrator, proto-performance artist, 1853-1891"
http://vocab.getty.edu/ulan/500118229,"Mendive, Manuel","Cuban painter and mixed-media artist, born 1944"
http://vocab.getty.edu/ulan/500118235,"Novoa, Glexis","Cuban printmaker, performance artist, and painter, born 1964"
http://vocab.getty.edu/ulan/500118742,"Nauman, Bruce","American sculptor, photographer, and performance artist, born 1941"
http://vocab.getty.edu/ulan/500118744,"Paik, Nam June","South Korean sculptor, video artist, and performance artist, 1932-2006, active in the United States"
http://vocab.getty.edu/ulan/500118760,"Burden, Chris","American sculptor, performance artist, and installation artist,1946-2015"
http://vocab.getty.edu/ulan/500118776,"Kelley, Mike","American sculptor, performance and installation artist, 1954-2012"
http://vocab.getty.edu/ulan/500120385,"Kalina, Jerzy","Polish painter, sculptor, and performance artist, born 1944"
http://vocab.getty.edu/ulan/500120410,"Kowalski, Grzegorz","Polish sculptor and performance artist, born 1942"
http://vocab.getty.edu/ulan/500120412,"Warpechowski, Zbigniew","Polish performance and conceptual artist, born 1938"
http://vocab.getty.edu/ulan/500120584,"Komar, Vitaly","Russian painter and performance artist, born 1943, active in the United States"
http://vocab.getty.edu/ulan/500120585,"Melamid, Aleksandr","American painter and performance artist of Russian birth, born 1945"
http://vocab.getty.edu/ulan/500120937,"Framis, Alicia","Spanish installation and performance artist, born 1967"
http://vocab.getty.edu/ulan/500120941,"Iveković, Sanja","Croatian video artist, performance artist, and photographer, born 1949"
http://vocab.getty.edu/ulan/500120944,"Krystufek, Elke","Austrian painter, video artist, and photographer, born 1970"
http://vocab.getty.edu/ulan/500120952,"Peljhan, Marko","Slovene performance artist, video artist, and filmmaker, born 1969"
http://vocab.getty.edu/ulan/500120953,"Perjovschi, Dan","Romanian painter, conceptual artist, and performance artist, born 1961"
http://vocab.getty.edu/ulan/500120966,"Schulz, Tilo","German installation artist, born 1972"
http://vocab.getty.edu/ulan/500120967,"Šerić, Nebojša Šoba","Bosnian Herzogovinian installation and performance artist, born 1968"
http://vocab.getty.edu/ulan/500120971,"Uklański, Piotr","Polish performance artist, video artist, and photographer, born 1968, active in New York"
http://vocab.getty.edu/ulan/500121077,"Amorales, Carlos","Mexican installation and performance artist, born 1970"
http://vocab.getty.edu/ulan/500121124,Arahmaiani,"Indonesian installation and performance artist, born 1961"
http://vocab.getty.edu/ulan/500121157,"Walsh, Anne","American mixed-media artist, video artist, and installation artist, born 1962"
http://vocab.getty.edu/ulan/500121168,"Charalambidis, Nikos","Cypriot multimedia, installation, and performance artist, born 1964"
http://vocab.getty.edu/ulan/500121241,"Breuning, Olaf","Swiss multimedia and performance artist, born 1970, active in New York City"
http://vocab.getty.edu/ulan/500121246,"Gómez-Peña, Guillermo","Mexican performance artist, installation artist, and writer, born 1955, active in the United States"
http://vocab.getty.edu/ulan/500121249,"Hill, Christine","American installation and performance artist, born 1968"
http://vocab.getty.edu/ulan/500121251,"Lee, Nikki S.","Korean-American performance artist, born 1970"
http://vocab.getty.edu/ulan/500121305,"Majima, Tatsuo","Japanese video and performance artist, born 1970"
http://vocab.getty.edu/ulan/500121443,"Polis, Miervaldis","Latvian painter and performance artist, born 1948"
http://vocab.getty.edu/ulan/500121447,"Grīnbergs, Andris","Latvian performance artist and teacher, born 1946"
http://vocab.getty.edu/ulan/500121452,"Āboliņš, Valdis","Latvian performance artist, 1939-1984"
http://vocab.getty.edu/ulan/500121724,"Fabre, Jan","Belgian draftsman, sculptor, and performance artist, born 1958"
http://vocab.getty.edu/ulan/500121998,"Pálsson, Magnús","Icelandic scenographer, sculptor, and conceptual artist, born 1929"
http://vocab.getty.edu/ulan/500122120,"Cruz, Emilio","American painter, 1938-2004"
http://vocab.getty.edu/ulan/500122414,"Arcangel, Cory","American video and digital artist, born 1978"
http://vocab.getty.edu/ulan/500122496,"Hay, Alex","American painter, sculptor, and performance artist, born 1930"
http://vocab.getty.edu/ulan/500122499,"Holstad, Christian","American installation artist, collagist, and sculptor, born 1972"
http://vocab.getty.edu/ulan/500122505,"July, Miranda","American filmmaker, performance artist, and writer, born 1974"
http://vocab.getty.edu/ulan/500122517,"Koh, Terence","American installation artist, sculptor, and performance artist, contemporary"
http://vocab.getty.edu/ulan/500122518,"Kusama, Yayoi","Japanese painter, performance, and installation artist, born 1929"
http://vocab.getty.edu/ulan/500122519,"Lafrance, Noémie","Canadian dancer and performance artist, born 1974, active in the United States"
http://vocab.getty.edu/ulan/500122520,"Mingwei, Lee","Taiwanese and American installation and performance artist, born 1964"
http://vocab.getty.edu/ulan/500122521,"Levin, Golan","American computer and performance artist, born 1972"
http://vocab.getty.edu/ulan/500122522,Los Super Elegantes,"American performance artists, formed 1995"
http://vocab.getty.edu/ulan/500122525,"Lopez-Crozet, Martiniano","Argentine performance artist and singer, born 1968, active in Los Angeles"
http://vocab.getty.edu/ulan/500122538,"McClure, Bruce","American filmmaker and performance artist, born 1959"
http://vocab.getty.edu/ulan/500122540,"Mir, Aleksandra","Swedish and American performance artist, born 1967, active in New York and London"
http://vocab.getty.edu/ulan/500122595,"Hijikata, Tatsumi","Japanese Butoh performer, 1928-1986"
http://vocab.getty.edu/ulan/500122643,"Sullivan, Catherine","American video artist, photography, and actress, born 1968"
http://vocab.getty.edu/ulan/500122912,"Bock, John","German performance and installation artist, born 1965"
http://vocab.getty.edu/ulan/500122950,"Schnitger, Lara","Dutch sculptor, born 1969"
http://vocab.getty.edu/ulan/500122953,"Shapero, Mindy","American sculptor, born 1974"
http://vocab.getty.edu/ulan/500123030,Pushpamala N.,"Indian photographer and filmmaker, born 1956"
http://vocab.getty.edu/ulan/500123252,Kang Kuk-chin,"Korean sculptor and performance artist, born 1939"
http://vocab.getty.edu/ulan/500123696,"Ziranek, Silvia","British performance artist, sculptor, and photographer, born 1952"
http://vocab.getty.edu/ulan/500123697,"Kudō, Tetsumi","Japanese painter, sculptor, and performance artist, 1935-1990"
http://vocab.getty.edu/ulan/500123698,"De Domenicis, Gino","Italian conceptual and performance artist, born 1947"
http://vocab.getty.edu/ulan/500123699,"Catling, Brian","English poet, sculptor, and performance artist, born 1948"
http://vocab.getty.edu/ulan/500123700,"Wood, John","English sculptor, video artist, and performance artist, born 1969"
http://vocab.getty.edu/ulan/500123701,"Harrison, Paul","English sculptor, video artist, and performance artist, born 1966"
http://vocab.getty.edu/ulan/500123702,"Espaliú, Pepe","Spanish draftsman, painter, and sculptor, 1955-1993"
http://vocab.getty.edu/ulan/500123703,Orlan,"French performance artist and video artist, born 1947"
http://vocab.getty.edu/ulan/500123704,"Bowery, Leigh","Australian performance artist, 1961-1994, active in England"
http://vocab.getty.edu/ulan/500123705,"Arakawa, Shūsaku","Japanese painter, filmmaker, and architect, 1936-2010, active in the United States"
http://vocab.getty.edu/ulan/500124647,Tabboo!,"American painter and performer, born 1959"
http://vocab.getty.edu/ulan/500124656,"Eichelberger, Ethyl","American performance artist, 1945-1990"
http://vocab.getty.edu/ulan/500124657,"Shiraishi, Poppo","Japanese Butoh performer, active from the 1980s."
http://vocab.getty.edu/ulan/500124951,"Wilson, Robert","American performance artist, scenographer, and writer, born 1941"
http://vocab.getty.edu/ulan/500125006,"Tanaka, Atsuko","Japanese painter, multimedia, and performance artist, 1932-2005"
http://vocab.getty.edu/ulan/500125011,Gutai Art Association,"Japanese avant-garde group, 1954-1972"
http://vocab.getty.edu/ulan/500125013,"Shiraga, Kazuo","Japanese painter and performance artist, born 1924"
http://vocab.getty.edu/ulan/500125014,"Shimamoto, Shōzō","Japanese multimedia artist, 1928-2013"
http://vocab.getty.edu/ulan/500125040,Fluxus,"International group of artists, active 1960s-late 1970s"
http://vocab.getty.edu/ulan/500125073,"Campos-Pons, María Magdalena","Cuban installation artist, painter, and photographer, born 1959"
http://vocab.getty.edu/ulan/500125155,"Caycedo, Carolina","English performance artist, born 1978"
http://vocab.getty.edu/ulan/500125322,"Fraser, Andrea","American performance and video artist, born 1965"
http://vocab.getty.edu/ulan/500125360,"Pauline, Mark","American installation artist, born 1953"
http://vocab.getty.edu/ulan/500125361,Survival Research Laboratories,"American artists' collective, active from ca. 1978"
http://vocab.getty.edu/ulan/500125364,"Tomic, Milica","Serbian-Montenegrin performance and video artist, born 1960"
http://vocab.getty.edu/ulan/500125373,"Price, Luther","American experimental filmmaker, born ca. 1963"
http://vocab.getty.edu/ulan/500125400,"Campbell, Karin","American performance artist, born 1962"
http://vocab.getty.edu/ulan/500125458,"Murakami, Saburō","Japanese painter and performance artist, 1925-1996"
http://vocab.getty.edu/ulan/500125465,Hi Red Center,"Japanese performance group, active 1963-1964"
http://vocab.getty.edu/ulan/500125466,"Nakanishi, Natsuyuki","Japanese conceptual artist, born 1935"
http://vocab.getty.edu/ulan/500125596,Song Dong,"Chinese performance, video, and installation artist, born 1966"
http://vocab.getty.edu/ulan/500125603,Zhang Peili,"Chinese painter, performance, and installation artist, born 1957"
http://vocab.getty.edu/ulan/500125877,"Bul, Lee","South Korean sculptor and installation artist, born 1964"
http://vocab.getty.edu/ulan/500125955,"Crignis, Rudolf de","American painter, 1948-2006"
http://vocab.getty.edu/ulan/500125967,"Hentz, Mike Andrew","American sculptor and performance artist, born 1954, active in Germany"
http://vocab.getty.edu/ulan/500125970,"Morgan, Tony","English performance artist and filmmaker, born 1938"
http://vocab.getty.edu/ulan/500125979,Raqs Media Collective,"Indian installation artists, active from 1991"
http://vocab.getty.edu/ulan/500126031,"Bronson, AA","Canadian performance and installation artist, born 1946"
http://vocab.getty.edu/ulan/500126049,"Jaarsma, Mella","Dutch mixed-media and performance artist, born 1960, active in Indonesia"
http://vocab.getty.edu/ulan/500126051,"Afisina, Reza","Indonesian video and performance artist, born 1977"
http://vocab.getty.edu/ulan/500126083,"Heck, Kati","German painter, draftsman, and performance artist, born 1979, active in Belgium"
http://vocab.getty.edu/ulan/500126086,"Mateik, Tara","American video and performance artist, contemporary"
http://vocab.getty.edu/ulan/500126094,"Hall, Leslie","American performance artist, born 1981"
http://vocab.getty.edu/ulan/500126179,"Kay, Emma","English printmaker and performance artist, born 1961"
http://vocab.getty.edu/ulan/500126182,"Newman, Hayley","British performance artist, born 1969"
http://vocab.getty.edu/ulan/500126242,"Nagrin, Lee","American performance artist, ca. 1929-2007"
http://vocab.getty.edu/ulan/500126284,"Arnold, Skip","American performance artist, born 1957"
http://vocab.getty.edu/ulan/500126286,"Kipper, Harry","English performance artist, born 1948"
http://vocab.getty.edu/ulan/500126287,"Kipper Kids, The","British performance artists, active 1970s-1980s, in the United States"
http://vocab.getty.edu/ulan/500126288,"Kipper, Harry","British performance artist, born 1949"
http://vocab.getty.edu/ulan/500126429,"Belmore, Rebecca","Native American performance artist and sculptor, born 1960"
http://vocab.getty.edu/ulan/500126559,Coatlique/Las Colorado,"Native American performance artists, active 1980"
http://vocab.getty.edu/ulan/500126567,"Colorado, Elvira","Native American performance artist, contemporary"
http://vocab.getty.edu/ulan/500126568,"Colorado, Hortensia","Native American performance artist, contemporary"
http://vocab.getty.edu/ulan/500126643,"Durham, Jimmie","American sculptor, performance artist, and video artist, born 1940"
http://vocab.getty.edu/ulan/500127064,"Luna, James","Native American performance artist, photographer, and sculptor, born 1950"
http://vocab.getty.edu/ulan/500127113,"Mayo, Lisa","Native American performance artist and playwright, contemporary"
http://vocab.getty.edu/ulan/500127139,"Miguel, Gloria","Native American performance artist and playwright, contemporary"
http://vocab.getty.edu/ulan/500127140,"Miguel, Muriel","Native American performance artist and playwright, contemporary"
http://vocab.getty.edu/ulan/500127348,"Poitras, Edward","Métis sculptor, painter, and installation artist, born 1953"
http://vocab.getty.edu/ulan/500127539,Spiderwoman Theater,"Native American performance artists, active 1976"
http://vocab.getty.edu/ulan/500127939,"Delgado, Ángel","Cuban performance artist and textile artist, born 1965"
http://vocab.getty.edu/ulan/500127940,"Esquivel, Alexis","Cuban installation and performance artist, born 1968"
http://vocab.getty.edu/ulan/500127972,"Peña González, René de Jesús","Cuban photographer and performance artist, born 1957"
http://vocab.getty.edu/ulan/500128248,"Adamec, Martin","Czech performance artist, born 1972"
http://vocab.getty.edu/ulan/500128252,"Adamus, Karel","Czech performance artist, born 1943"
http://vocab.getty.edu/ulan/500128267,"Alvaer, Jesper James","Danish artist, active in Czech Republic, contemporary"
http://vocab.getty.edu/ulan/500128502,Guerrilla Girls,"American artists, active since 1985"
http://vocab.getty.edu/ulan/500128504,"Kollwitz, Käthe (pseudonym)","American artist, active since 1985"
http://vocab.getty.edu/ulan/500128598,"Akiyoshi, ON megumi","Japanese performance and installation artist, born 1972, active in Brooklyn"
http://vocab.getty.edu/ulan/500128601,"Arakawa, Ei","Japanese performance artist, born 1977, active in New York City"
http://vocab.getty.edu/ulan/500128656,"Podber, Dorothy","American performance artist and gallerist, ca. 1933-2008"
http://vocab.getty.edu/ulan/500128696,"Kosaka, Hirokazu","Japanese installation artist, performance artist, and painter, contemporary"
http://vocab.getty.edu/ulan/500128795,"Paredes, Cecilia","Peruvian performance and installation artist, contemporary"
http://vocab.getty.edu/ulan/500128916,"Backström, Fia","Swedish conceptual artist, born 1970, active in New York City"
http://vocab.getty.edu/ulan/500128939,"Kahn, Stanya","American performance artist, born 1968"
http://vocab.getty.edu/ulan/500128957,"Labat, Tony","American video artist, born 1951 in Cuba"
http://vocab.getty.edu/ulan/500128966,"Stoerchle, Wolfgang","German video and performance artist, 1944-1976, active in the United States"
http://vocab.getty.edu/ulan/500129046,"Černý, David","Czech sculptor and performance artist, born 1967"
http://vocab.getty.edu/ulan/500129052,"Červenák, Martin","Czech installation and performance artist, born 1973"
http://vocab.getty.edu/ulan/500129191,"Brazda, Bozidar","Canadian conceptual and performance artist, born 1971, active in New York City"
http://vocab.getty.edu/ulan/500129196,"Guth, MK","American video and performance artist, born 1963"
http://vocab.getty.edu/ulan/500129219,"Daněk, Josef","Czech painter, draftsman, and graphic artist, born 1961"
http://vocab.getty.edu/ulan/500129233,"Díaz, Federico","Czech multimedia and installation artist, born 1971"
http://vocab.getty.edu/ulan/500129577,"Fajnor, Richard","Czech installation and performance artist, born 1965"
http://vocab.getty.edu/ulan/500129628,"Franz, Vladimír","Czech painter and draftsman, born 1959"
http://vocab.getty.edu/ulan/500129647,"Gavlovský, Lukaš","Czech performance artist, painter, and photographer, born 1972"
http://vocab.getty.edu/ulan/500129652,"Geršl, Josef","Czech painter, video artist, and photographer, born 1952"
http://vocab.getty.edu/ulan/500155518,"Grey, Alex","American painter and performance artist, born 1953"
http://vocab.getty.edu/ulan/500175780,"Tzara, Tristan","Romanian poet and performance artist, 1896-1963, active in France"
http://vocab.getty.edu/ulan/500192058,"Altorjay, Gábor","Hungarian performance artist and filmmaker, born 1946"
http://vocab.getty.edu/ulan/500192113,"Arias, Fernando","Amernian sculptor and performance artist, born 1963"
http://vocab.getty.edu/ulan/500192763,"Chick, John","American performance artist, active 1968"
http://vocab.getty.edu/ulan/500192780,"Christiansen, Henning","Danish performance and video artist, born 1932"
http://vocab.getty.edu/ulan/500193208,"English, Rose","English performance artist and choreographer, born 1950"
http://vocab.getty.edu/ulan/500193647,"Guilleminot, Marie-Ange","French sculptor and performance artist, born 1960"
http://vocab.getty.edu/ulan/500195521,"Rhoads, George","American sculptor, painter, and performance artist, born 1926"
http://vocab.getty.edu/ulan/500196009,Stelarc,"Australian performance artist, born 1946, in Cyprus"
http://vocab.getty.edu/ulan/500196105,"Talec, Nathalie","French sculptor and installation artist, born 1960"
http://vocab.getty.edu/ulan/500197802,"Seillé, Geneviève","French performance artist, born 1951, active in England"
http://vocab.getty.edu/ulan/500198702,"Smith, Bob and Roberta (pseudonym)","English painter, sculptor, and installation artist, born 1963"
http://vocab.getty.edu/ulan/500199251,"Duffy, Rita","Irish painter and performance artist, born 1959"
http://vocab.getty.edu/ulan/500202321,"Patterson, Ben","American Fluxus artist, born 1934"
http://vocab.getty.edu/ulan/500202406,"Janda, Jiří","Czech sculptor, painter, and printmaker, born 1956"
http://vocab.getty.edu/ulan/500202496,"Banana, Anna","Canadian painter, performance artist and mail artist born 1940"
http://vocab.getty.edu/ulan/500202500,"Bleus, Guy",Belgian mail artist and performance artist born in 1950
http://vocab.getty.edu/ulan/500202518,"Lysáček, Petr","Czech painter, performance and installation artist, born 1961"
http://vocab.getty.edu/ulan/500202537,"Padín, Clemente","Uruguayan performance, video and mail artist, born 1939"
http://vocab.getty.edu/ulan/500202586,"Maška, Jiří","Czech installation and performance artist, born 1972"
http://vocab.getty.edu/ulan/500202602,"Maur, Milan","Czech painter and performance artist, born 1950"
http://vocab.getty.edu/ulan/500202669,"Gaglione, Bill","American performance and mail artist, born 1943"
http://vocab.getty.edu/ulan/500204668,"Perič, Milan","Czech painter, installation and performance artist, born 1957"
http://vocab.getty.edu/ulan/500204738,"Brown, Robert Delford","American painter and performance artist, 1930-2009"
http://vocab.getty.edu/ulan/500225850,MAD in Buildings,"British performance artists, contemporary"
http://vocab.getty.edu/ulan/500225984,Artangel,"British performance artists, contemporary"
http://vocab.getty.edu/ulan/500228091,"Birringer, Johannes H.","American performance artist, contemporary"
http://vocab.getty.edu/ulan/500229080,"Skipitares, Theodora","American performance artist and sculptor, contemporary"
http://vocab.getty.edu/ulan/500234906,"Grigsby, James","American performance artist and landscape designer, died 2002"
http://vocab.getty.edu/ulan/500237113,"Dundakova, Maria","Bulgarian multimedia artist, born 1939"
http://vocab.getty.edu/ulan/500237537,"Kuball, Mischa","German performance artist, born 1959"
http://vocab.getty.edu/ulan/500251828,Bunny Matthias & Co.,"British performance artists, contemporary"
http://vocab.getty.edu/ulan/500258268,"Ward, David","English painter, photographer, and performance artist, born 1951"
http://vocab.getty.edu/ulan/500258673,"Arden, Roy","Canadian photographer and video artist, born 1957"
http://vocab.getty.edu/ulan/500259309,Station House Opera,"British performance artists, contemporary"
http://vocab.getty.edu/ulan/500263502,"Bigert, Mats","Swedish installation, video, and performance artist, born 1965"
http://vocab.getty.edu/ulan/500275201,Gelitin,"Austrian artists' group, formed 1993"
http://vocab.getty.edu/ulan/500276357,"Wiesenthal, Lara","American disc jockey, contemporary"
http://vocab.getty.edu/ulan/500282564,BBM,"German performance artists, contemporary"
http://vocab.getty.edu/ulan/500283864,"Crisafulli, Fabrizio","Italian installation and performance artist, born 1948"
http://vocab.getty.edu/ulan/500287434,"Ortega, Damián","Mexican performance artist and sculptor, born 1967, active in Berlin"
http://vocab.getty.edu/ulan/500290615,"McCoy, Jennifer","American video, installation and digital artist, born 1968 or 1969"
http://vocab.getty.edu/ulan/500290618,"Powell, Hilary","British artist, contemporary"
http://vocab.getty.edu/ulan/500290778,"Andraschek, Iris","Austrian performance and installation artist, born 1963"
http://vocab.getty.edu/ulan/500293808,"Caja, Jerome","American painter and sculptor, 1958-1995"
http://vocab.getty.edu/ulan/500293870,Die Tödliche Doris,"German performance group, active 1980-1987"
http://vocab.getty.edu/ulan/500293871,Autoperforation Group,"German performance group, active ca. 1980s"
http://vocab.getty.edu/ulan/500293875,"Kruse, Käthe","German performance artist, born 1958"
http://vocab.getty.edu/ulan/500293877,"Müller, Wolfgang","German performance artist, musician, and author, born 1957"
http://vocab.getty.edu/ulan/500293967,"Hardy, K8","American photographer and performance artist, born 1977"
http://vocab.getty.edu/ulan/500293994,"Alós, María","American conceptual and performance artist, born 1973, active in Mexico City"
http://vocab.getty.edu/ulan/500293997,"Calderón, Miguel","Mexican photographer and video artist, born 1971"
http://vocab.getty.edu/ulan/500294129,"Gates, Theaster","American sculptor and performance artist, born 1973"
http://vocab.getty.edu/ulan/500294132,"Hayes, Sharon","American installation and performance artist, born 1970"
http://vocab.getty.edu/ulan/500294140,"Newsome, Rashaad","American video and performance artist, born 1979"
http://vocab.getty.edu/ulan/500294142,"O'Grady, Lorraine","American conceptual artist, born 1934"
http://vocab.getty.edu/ulan/500294145,"Sasamoto, Aki","Japanese sculptor and performance artist, born 1980, active in the United States"
http://vocab.getty.edu/ulan/500294150,"Mead, Taylor","American poet, actor and performance artist, 1924-2013"
http://vocab.getty.edu/ulan/500294151,Momus,"Scottish sound artist, born 1967"
http://vocab.getty.edu/ulan/500294156,"Sehgal, Tino","German performance artist, born 1976"
http://vocab.getty.edu/ulan/500294201,"Acosta, Scoli","American mixed-media artist, born 1973"
http://vocab.getty.edu/ulan/500294203,"Capistran, Juan","Mexican performance artist and sculptor, born 1976, active in Los Angeles"
http://vocab.getty.edu/ulan/500294209,"Diaz, Alejandro","American conceptual and performance artist, born 1963"
http://vocab.getty.edu/ulan/500294218,"Cave, Nick","American sculptor and designer, born 1959"
http://vocab.getty.edu/ulan/500294230,"Alvarez, José","American video artist, born 1968"
http://vocab.getty.edu/ulan/500294240,"Chartier, Richard","American sound artist, born 1971"
http://vocab.getty.edu/ulan/500294247,"Romo, Arturo Ernesto","American conceptual artist, born 1980"
http://vocab.getty.edu/ulan/500294254,"Rios, Marco","American installation artist, born 1975"
http://vocab.getty.edu/ulan/500294262,"Fusco, Coco","American performance and video artist, born 1960"
http://vocab.getty.edu/ulan/500294264,"Granat, Amy","American video artist, born 1976"
http://vocab.getty.edu/ulan/500294280,"Fischbeck, Luke","American performance artist and musician, born 1978"
http://vocab.getty.edu/ulan/500294289,"Pfahler, Kembra","American performance artist and curator, born 1961"
http://vocab.getty.edu/ulan/500294294,"Rodriguez, Bert","American conceptual artist, born 1975"
http://vocab.getty.edu/ulan/500294295,"Rosenfeld, Marina","American performance artist and musician, born 1968"
http://vocab.getty.edu/ulan/500294305,"Tajima, Mika","American performance and installation artist, born 1975"
http://vocab.getty.edu/ulan/500294306,"Chen, Howie","American performance artist, born 1976"
http://vocab.getty.edu/ulan/500294328,Gang Gang Dance,"American performance art group, founded 2001-2002"
http://vocab.getty.edu/ulan/500294331,Lucky Dragons,"American performance art group, founded 1999"
http://vocab.getty.edu/ulan/500294469,"Gaillard, Cyprien","French photographer and conceptual artist, born 1980"
http://vocab.getty.edu/ulan/500294496,"Blum, Pirmin","Swiss performance and video artist, born 1969"
http://vocab.getty.edu/ulan/500294497,"Böttcher, Bastian","German performance artist and poet, born 1974"
http://vocab.getty.edu/ulan/500294499,"Brueckl, Rosa","Austrian video and performance artist, born 1970"
http://vocab.getty.edu/ulan/500294500,"Schmoll, Gregor","Austrian video and performance artist, born 1970"
http://vocab.getty.edu/ulan/500299831,"Faccinto, Victor","American video artist, painter and performance artist, born 1945"
http://vocab.getty.edu/ulan/500299853,"Ohno, Kazuo","Japanese Butoh dancer, 1906-2010"
http://vocab.getty.edu/ulan/500299858,"Schlingensief, Christoph","German filmmaker and performer, 1960-2010"
http://vocab.getty.edu/ulan/500320358,Kang So Lee,"Korean artist, born 1943"
http://vocab.getty.edu/ulan/500329290,Zhang Huan,"Chinese performance artist, born 1965"
http://vocab.getty.edu/ulan/500329317,"Sitthiket, Vasan","Thai performance artist, printmaker, and activist, born 1957"
http://vocab.getty.edu/ulan/500329399,"Scott, Joyce J.","African American sculptor, jeweler, and printmaker, born 1948"
http://vocab.getty.edu/ulan/500329578,"Kilcoyne, Sean","American performance artist, contemporary"
http://vocab.getty.edu/ulan/500329690,"Landau, Sigalit","Israeli installation artist, born 1969"
http://vocab.getty.edu/ulan/500329832,"Bors, Chris","American performance artist, publisher, and editor, born 1971"
http://vocab.getty.edu/ulan/500329853,"Harris, Lyle Ashton","American painter, video artist, and performance artist, born 1965"
http://vocab.getty.edu/ulan/500330176,"Groisman, Michel","Bolivian performance artist, born 1972"
http://vocab.getty.edu/ulan/500330181,"Kötting, Joey","English painter, photographer, and video artist, born 1966"
http://vocab.getty.edu/ulan/500330940,"Biggs, Janet","American photographer, video, and performance artist, born 1959"
http://vocab.getty.edu/ulan/500331126,"Golden, Eunice","American painter, photographer, and performance artist, born 1927"
http://vocab.getty.edu/ulan/500331309,"Wampler, Claude","American installation and performance artist, born 1966"
http://vocab.getty.edu/ulan/500331372,"Mac Low, Jackson","American poet, performance artist, and composer, 1922-2004"
http://vocab.getty.edu/ulan/500331433,"Monk, Meredith","American performance artist and composer, born 1942"
http://vocab.getty.edu/ulan/500331437,"Janka, Ali","Austrian installation and performance artist, born 1970 "
http://vocab.getty.edu/ulan/500331438,"Urban, Tobias","German installation and performance artist, born 1966"
http://vocab.getty.edu/ulan/500331573,"Goldsmith, Kenneth","American painter, installation, and performance artist, born 1961"
http://vocab.getty.edu/ulan/500331677,"Donegan, Cheryl","American painter and video artist, born 1962"
http://vocab.getty.edu/ulan/500331750,"Geiser, Janie","American filmmaker and performance artist, contemporary"
http://vocab.getty.edu/ulan/500331891,"Toth, John","American sculptor, painter, and video artist, contemporary"
http://vocab.getty.edu/ulan/500332054,"Evangelista, Roberto","Brazilian installation and performance artist, born 1946"
http://vocab.getty.edu/ulan/500332056,"Leppe, Carlos","Chilean performance artist, born 1952"
http://vocab.getty.edu/ulan/500332140,"Acker, Kathy","American author and performance artist, 1948-1997"
http://vocab.getty.edu/ulan/500332142,"Jenks, Debra","American video artist, installation artist, and teacher, contemporary"
http://vocab.getty.edu/ulan/500332147,"Montañez Ortiz, Rafael","American performance artist, born 1934"
http://vocab.getty.edu/ulan/500332168,"O'Hara, Morgan","American draftsman and performance artist, contemporary"
http://vocab.getty.edu/ulan/500332204,"Bjerklie, John","American painter, sculptor, and installation artist, born 1953"
http://vocab.getty.edu/ulan/500332238,"Byrne, Gerard","Irish installation artist, video artist, and photographer, born  1969"
http://vocab.getty.edu/ulan/500332249,"Burkhart, Kathe","American conceptual artist, painter, and installation artist, born 1958"
http://vocab.getty.edu/ulan/500332267,"Antin, David","American poet, critic, and performance artist, born 1932"
http://vocab.getty.edu/ulan/500332571,"Kulik, Oleg","Ukrainian installation artist, painter, and photographer, born 1961"
http://vocab.getty.edu/ulan/500332843,"Donnelly, Trisha","American conceptual and installation artist, 1974"
http://vocab.getty.edu/ulan/500332876,"Pope.L, William","American performance artist, installation artist, and conceptual artist, born 1955"
http://vocab.getty.edu/ulan/500332882,"Knorr, Daniel","Romanian performance and installation artist, born 1968"
http://vocab.getty.edu/ulan/500332934,"Ma, Liuming","Chinese painter, photographer, and performance artist, born 1969"
http://vocab.getty.edu/ulan/500333137,"Meagher, Patrick","American performance artist, born 1973"
http://vocab.getty.edu/ulan/500333181,"Olofsson, Anneè","Swedish photographer, performance artist, and installation artist, born 1966"
http://vocab.getty.edu/ulan/500333186,"Pearlstein, Alix","American video artist and performance artist, born 1962"
http://vocab.getty.edu/ulan/500333271,"Hung, Su-Chen","Taiwanese installation, video, and performance artist, born 1949"
http://vocab.getty.edu/ulan/500333272,"Kwong, Dan","American performance artist, contemporary"
http://vocab.getty.edu/ulan/500333353,"Ganahl, Rainer","Austrian photographer, video artist, and installation artist, born 1961"
http://vocab.getty.edu/ulan/500333607,"Sernet, Pierre","French performance artist, contemporary"
http://vocab.getty.edu/ulan/500333610,"Hersberger, Lori","Swiss installation artist, sculptor, and video artist, born 1964"
http://vocab.getty.edu/ulan/500333626,"Jakob, Bruno","American painter, draftsman, and video artist, born 1954 in Switzerland"
http://vocab.getty.edu/ulan/500333784,"Jamie, Cameron","American video artist, sculptor, and draftsman, born 1969"
http://vocab.getty.edu/ulan/500334132,"Bag, Alex","American photographer, video artist, and installation artist, born 1969"
http://vocab.getty.edu/ulan/500334138,"Fleming, Sherman","American performance artist and painter, born 1953"
http://vocab.getty.edu/ulan/500334687,"Scott, Jill","Australian performance, video, and installation artist, born 1952, active in Germany"
http://vocab.getty.edu/ulan/500334796,"Rhode, Robin","South African photographer, born 1976"
http://vocab.getty.edu/ulan/500334848,"Gómez, Luis","Cuban painter, installation, and performance artist, born 1968"
http://vocab.getty.edu/ulan/500334850,"Tan Ai Hua, Margaret","Singaporean performance artist, born 1970"
http://vocab.getty.edu/ulan/500334930,"Heinemann, Sue","American installation artist, performance artist, and photographer, born 1948"
http://vocab.getty.edu/ulan/500334931,"Eins, Stefan","Austrian conceptual artist, sculptor, and draftsman, born 1941"
http://vocab.getty.edu/ulan/500334940,"Frank, Regina","German installation and performance artist, born 1965"
http://vocab.getty.edu/ulan/500334948,"Okudzeto, Senam","American painter and author, born 1972"
http://vocab.getty.edu/ulan/500334960,"Silver, Suzie","American video and performance artist, contemporary"
http://vocab.getty.edu/ulan/500334964,"Balk, Dennis","American photographer, draftsman, and performance artist, contemporary"
http://vocab.getty.edu/ulan/500335214,"Reither, Florian","Austrian installation and performance artist, born 1967"
http://vocab.getty.edu/ulan/500335365,"Benson, Tish","American author and performance artist, contemporary"
http://vocab.getty.edu/ulan/500335382,"Campopiano, Remo","American sculptor, installation artist, and performance artist, contemporary"
http://vocab.getty.edu/ulan/500335383,"Tropicana, Carmelita","American playwright, actress, and performance artist, contemporary"
http://vocab.getty.edu/ulan/500335598,"Bocanegra, Suzanne","American installation artist and mixed-media artist, born 1957"
http://vocab.getty.edu/ulan/500335661,"Houston-Jones, Ishmael","American choreographer and author, born 1951"
http://vocab.getty.edu/ulan/500335883,"Sprinkle, Annie","American performance artist, born 1954"
http://vocab.getty.edu/ulan/500336383,"Mandle, Julie","American performance artist and embroiderer, contemporary"
http://vocab.getty.edu/ulan/500336473,"Schilling, Alfons","Swiss painter, photographer, and performance artist, born 1934"
http://vocab.getty.edu/ulan/500337165,Wu Shanzhuan,"Chinese painter and installation artist, born 1960"
http://vocab.getty.edu/ulan/500339052,"Sagazan, Olivier de","French painter and sculptor of Congolese birth, born 1959"
http://vocab.getty.edu/ulan/500340788,"Echevarria Myers, Jo-Anne","American mixed-media artist, born 1944"
http://vocab.getty.edu/ulan/500342755,"Öğüt, Ahmet","Turkish painter and performance artist, born 1981"
http://vocab.getty.edu/ulan/500343750,"Abdul, Lida","Afghan performance and video artist, born 1973"
http://vocab.getty.edu/ulan/500343932,"Davide, Antonio","Italian conceptual and performance artist, born 1943"
http://vocab.getty.edu/ulan/500344368,"Ciam, Giorgio","Italian photographer and conceptual artist, 1941-1996"
http://vocab.getty.edu/ulan/500344438,"Drei, Lia","Italian painter and performance artist, 1932-2005"
http://vocab.getty.edu/ulan/500345199,"Gordon, Coco","American performance artist and photographer, born 1938"
http://vocab.getty.edu/ulan/500345487,"Brendel, Micha","German installation artist, born 1959"
http://vocab.getty.edu/ulan/500346303,"Brock, Bazon","Austrian painter and installation artist, born 1936"
http://vocab.getty.edu/ulan/500346883,"Gaulke, Cheri","American installation and performance artist, born 1954"
http://vocab.getty.edu/ulan/500347275,"Noël, Ann","English painter, book artist, and printmaker, born 1944"
http://vocab.getty.edu/ulan/500347475,"Leutenegger, Zilla","Swiss video and performance artist, born 1968"
http://vocab.getty.edu/ulan/500347544,"Lemon, Ralph","American performance artist, born 1952"
http://vocab.getty.edu/ulan/500347816,"Frueh, Joanna","American performance artist, born 1948"
http://vocab.getty.edu/ulan/500348464,"Böniger, Elsbeth","Swiss installation artist, born 1945"
http://vocab.getty.edu/ulan/500350390,"Murrin, Tom","American performance artist, 1939-2012"
http://vocab.getty.edu/ulan/500350481,"Smith, Jack","American filmmaker, 1932-1989"
http://vocab.getty.edu/ulan/500350676,Throbbing Gristle,"English performance and musical group, active primarily 1976-1981"
http://vocab.getty.edu/ulan/500350695,"Tong, Winston","American performer and visual artist, born 1951"
http://vocab.getty.edu/ulan/500350807,"Villa, Carlos","Filipino-American painter and performance artist, 1936-2013"
http://vocab.getty.edu/ulan/500350875,"Went, Johanna","American performance artist, contemporary"
http://vocab.getty.edu/ulan/500351007,Z'ev,"American sound artist, born 1951 "
http://vocab.getty.edu/ulan/500351030,"Abell, Jeff","American performance artist, contemporary"
http://vocab.getty.edu/ulan/500351035,"Achtman, Arnie","American actor and performance artist, died 2005"
http://vocab.getty.edu/ulan/500351041,"Adorno, Olga","American performance artist and dancer, contemporary"
http://vocab.getty.edu/ulan/500351045,Akademia Ruchu,"Polish performance group, active from 1973"
http://vocab.getty.edu/ulan/500351049,"Albertano, Linda","American performance artist, contemporary"
http://vocab.getty.edu/ulan/500351061,"Alfaro, Luis","American writer and performance artist, born 1963"
http://vocab.getty.edu/ulan/500351136,Eiko and Koma,"Japanese choreographers, founded 1972"
http://vocab.getty.edu/ulan/500351227,"Kaufman, Andy","American actor and comdedian, 1949-1984"
http://vocab.getty.edu/ulan/500351293,"O'Connell, Laurie","American performance artist and musician, contemporary"
http://vocab.getty.edu/ulan/500351346,"Arcade, Penny","American performance artist, born 1950"
http://vocab.getty.edu/ulan/500351456,"Finley, Karen","American performance artist, born 1956"
http://vocab.getty.edu/ulan/500351470,"Flanagan, Bob","American performance artist, 1952-1996"
http://vocab.getty.edu/ulan/500351481,"Fontana, Giovanni","Italian poet, performance artist, and author, born 1946"
http://vocab.getty.edu/ulan/500351529,Komar and Melamid,"Russian painters and performance artists, active from 1965"
http://vocab.getty.edu/ulan/500351978,Bob & Bob,"American performance artist duo, contemporary"
http://vocab.getty.edu/ulan/500352312,"Bustamante, Nao","American multimedia and performance artist, contemporary"
http://vocab.getty.edu/ulan/500352415,"Lunch, Lydia","American writer, performer, and visual artist, born 1959"
http://vocab.getty.edu/ulan/500352527,"Rodney (Sur), Sur","American artist, writer, and activist, contemporary"
http://vocab.getty.edu/ulan/500352650,"Hansen, Al","American collagist, performance artist, 1927-1995"
http://vocab.getty.edu/ulan/500352667,"Hashimoto, Kelly","American performance artist, contemporary"
http://vocab.getty.edu/ulan/500352685,"Heidsieck, Bernard","French sound poet, 1928-2014"
http://vocab.getty.edu/ulan/500352891,"Coates, George","American performance artist and theater producer, born 1952"
http://vocab.getty.edu/ulan/500352924,"Cooper, Dennis","American writer, born 1953"
http://vocab.getty.edu/ulan/500352940,Coum Transmissions,"English performance art group, active 1969-1976"
http://vocab.getty.edu/ulan/500353018,"Hughes, Holly","American performance artist and playwright, born 1955"
http://vocab.getty.edu/ulan/500353046,"Miller, Tim","American performance artist, born 1958"
http://vocab.getty.edu/ulan/500353225,Dancenoise,"American performance artists, active from 1983"
http://vocab.getty.edu/ulan/500353364,"Blume, Anna","German photographer and performance artist, born 1937"
http://vocab.getty.edu/ulan/500353372,"Crash, Kate","American musician and performance artist, contemporary"
http://vocab.getty.edu/ulan/500353409,"Lehmann, Wolfgang","German painter, photographer, and performance artist, born 1950"
http://vocab.getty.edu/ulan/500353411,"Bodzianowski, Cezary","Polish performance artist, born 1968"
http://vocab.getty.edu/ulan/500353415,"Czerepok, Hubert","Polish multimedia and installation artist, born 1973"
http://vocab.getty.edu/ulan/500353416,"Dawicki, Oskar","Polish performance and installation artist, born 1971"
http://vocab.getty.edu/ulan/500353424,"Kozyra, Katarzyna","Polish installation and performance artist, born 1963"
http://vocab.getty.edu/ulan/500353433,"Molska, Anna","Polish performance and video artist, born 1983"
http://vocab.getty.edu/ulan/500353445,Grupa Twożywo,"Polish muralists and draftsmen, working together from 1995"
http://vocab.getty.edu/ulan/500353446,"Libel, Mariusz","Polish muralist and draftsman, born 1978"
http://vocab.getty.edu/ulan/500353447,"Sidorek, Krzysztof","Polish muralist and draftsman, born 1976"
http://vocab.getty.edu/ulan/500353451,"Damnjanovic-Damjnan, Radomir","Bosnian Herzegovinian video and performance artist, born 1936"
http://vocab.getty.edu/ulan/500353573,"Schröder, Johannes Lothar","German performance artist, contemporary"
http://vocab.getty.edu/ulan/500354775,"Case, Carson","American sculptor, painter, choreographer, born 1970"
http://vocab.getty.edu/ulan/500355429,"Eisenhauer, Letty","American performance artist, born 1935"
http://vocab.getty.edu/ulan/500355446,"Mucha, Pat","American poet and performance artist, born 1935"
http://vocab.getty.edu/ulan/500355458,"Haimsohn, Jana","American video artist, performance artist, and dancer, born 1952"
http://vocab.getty.edu/ulan/500355460,"Mascatello, Tony","American actor and performance artist, contemporary"
http://vocab.getty.edu/ulan/500355479,"Van Saun, John","American artist and photographer, born 1939"
http://vocab.getty.edu/ulan/500355490,"Yoshida, Minoru","Japanese performance artist, contemporary"
http://vocab.getty.edu/ulan/500355598,"Cupere, Peter de","Belgian performance artist, born 1970"
http://vocab.getty.edu/ulan/500355618,"Chopra, Nikhil","Indian performance artist, born 1974"
http://vocab.getty.edu/ulan/500355761,"Cummins, Pauline","Irish ceramicist and painter, born 1949"
http://vocab.getty.edu/ulan/500355767,"Plender, Olivia","English installation, video, and performance artist, born 1977, active in Berlin"
http://vocab.getty.edu/ulan/500355798,"Wa Lehulere, Kemang","South African master draftsman, painter, and video artist, born 1984"
http://vocab.getty.edu/ulan/500355801,"Wlodarczak, Gosia","Polish draftsman and performance artist, born 1959, active in Melbourne"
http://vocab.getty.edu/ulan/500355807,"Arndt, Olaf","German performance and computer artist, born 1961, active in Berlin"
http://vocab.getty.edu/ulan/500355809,"Cohen, Bruno","French video and computer artist, born 1953"
http://vocab.getty.edu/ulan/500355841,"Tijen, Tjebbe van","Dutch performance and multimedia artist, born 1944"
http://vocab.getty.edu/ulan/500355852,"Braun, Matti","German photographer, installation and performance artist, born 1968"
http://vocab.getty.edu/ulan/500355853,"Cidade, Marcelo","Brazilian performance and installation artist, born 1979"
http://vocab.getty.edu/ulan/500355854,"Claydon, Steven","English sculptor, born 1969"
http://vocab.getty.edu/ulan/500355855,"Cunha, Alexandre da","Brazilian sculptor and performance artist, born 1969, active in London"
http://vocab.getty.edu/ulan/500355856,"Djordjadze, Thea","Georgian performance and installation artist, born 1971, active in Cologne, Germany"
http://vocab.getty.edu/ulan/500355863,"Favaretto, Lara","Italian installation and performance artist, born 1973"
http://vocab.getty.edu/ulan/500355865,"Gantner, Wolfgang","Austrian performance and installation artist, born 1971"
http://vocab.getty.edu/ulan/500355906,"Pisano, Falke","Dutch installation artist, born 1978"
http://vocab.getty.edu/ulan/500355910,"Reynaud-Dewar, Lili","French installation and performance artist, born 1974"
http://vocab.getty.edu/ulan/500355914,"White, Ian","English performance artist and curator, 1971-2013"
http://vocab.getty.edu/ulan/500355990,"Kenawy, Amal","Egyptian video artist, 1974-2012"
http://vocab.getty.edu/ulan/500356075,"Mwangi, Ingrid","Kenyan and German performance artist, born 1975"
http://vocab.getty.edu/ulan/500356076,IngridMwangiRobertHutter,"German and Kenyan performance artists, contemporary"
http://vocab.getty.edu/ulan/500356091,"Musa, Hassan","Sudanese draftsman, born 1951, active in France"
http://vocab.getty.edu/ulan/500356315,Xiao Lu,"Chinese installation and performance artist, born 1962"
http://vocab.getty.edu/ulan/500356351,"Knaflewski, Leszek","Polish multimedia artist, 1960-2014"
http://vocab.getty.edu/ulan/500356373,"Afif, Saâdane","French conceptual and installation artist, born 1970"
http://vocab.getty.edu/ulan/500356377,"Kasböck, Karin","German performance, installation, and multimedia artist, born 1969"
http://vocab.getty.edu/ulan/500356378,"Leitner, Christoph Maria","German performance, installation, and multimedia artist, born 1968"
http://vocab.getty.edu/ulan/500356379,bankleer,"German artists' group, founded 1999"
http://vocab.getty.edu/ulan/500356393,"Wong, Ming","Singaporean video, performance, and installation artist, born 1971, active in Germany and Singapore"
http://vocab.getty.edu/ulan/500356428,"Villanes, Eduardo","Peruvian video, installation, and performance artist, born 1967"
http://vocab.getty.edu/ulan/500356511,"Barrio, Artur","Portuguese mixed-media artist, born 1945"
http://vocab.getty.edu/ulan/500356652,"Ferrari, Donato","Italian painter, born 1933"
http://vocab.getty.edu/ulan/500356877,"Tutti, Cosey Fanni","English performance artist and musician, born 1951"
http://vocab.getty.edu/ulan/500356878,"Christopherson, Peter","English multimedia and performance artist, 1955-2010"
http://vocab.getty.edu/ulan/500357022,"Smith, Michael","American video and performance artist, born 1951"
http://vocab.getty.edu/ulan/500357091,"Philips, Michael","American performance artist and photographer, contemporary"
http://vocab.getty.edu/ulan/500371735,"Nikolayev, Leonid","Russian artist and activist, 1984-2015"
http://vocab.getty.edu/ulan/500371744,"Twist, Basil","American puppeteer and director, born 1969"
